{"name":"Ahri Theme","artist":"Riot Games","difficulty":3,"bpm":103,"brickSpeed":600,"duration":190,"startOffset":2.088,"timeCreated":0,"timeModified":0,"filename":"Ahri-Theme.mp3","jsonname":"ahri.json","notes":[[0,24,24,8,false,false,false,false,3.495145797729492],[2,38,38,10,false,false,false,false,5.533980846405029],[1,42,42,8,false,false,false,false,6.116505146026611],[1,48,48,11,false,false,false,false,6.990291595458984],[0,60,60,12,false,false,false,false,8.73786449432373],[1,66,66,15,false,false,false,false,9.611650466918945],[1,72,72,15,false,false,false,false,10.485437393188477],[2,80,84,11,false,false,false,true,11.65048599243164],[1,90,90,7,false,false,false,false,13.106796264648438],[0,96,100,10,false,false,false,true,13.980583190917969],[0,104,104,13,false,false,false,false,15.145631790161133],[2,108,112,16,false,false,false,true,15.728156089782715],[0,114,118,12,false,false,false,true,16.60194206237793],[2,120,128,16,false,false,false,true,17.47572898864746],[2,140,140,19,false,false,false,false,20.388351440429688],[0,146,149,19,false,false,true,true,21.262136459350586],[0,152,155,19,false,false,true,true,22.135923385620117],[2,158,162,22,false,false,false,true,23.00971031188965],[1,164,164,19,false,false,false,false,23.883495330810547],[0,168,172,19,false,false,false,true,24.466020584106445],[0,176,176,19,false,false,false,false,25.63106918334961],[2,180,180,24,false,false,false,false,26.213592529296875],[0,186,186,19,false,false,false,false,27.087379455566406],[1,192,196,19,false,false,false,true,27.961166381835938],[2,200,200,17,false,false,false,false,29.1262149810791],[0,204,208,17,false,false,false,true,29.708740234375],[0,210,214,17,false,false,false,true,30.5825252532959],[2,216,220,20,false,false,false,true,31.45631217956543],[1,222,224,18,false,false,false,true,32.33009719848633],[1,228,230,18,false,false,false,true,33.20388412475586],[0,234,234,22,false,false,false,false,34.07767105102539],[2,240,240,22,false,false,false,false,34.95145797729492],[0,246,246,18,false,false,false,false,35.82524490356445],[0,252,258,16,false,false,false,true,36.699031829833984],[0,264,268,14,false,false,false,true,38.44660186767578],[1,270,274,14,false,false,false,true,39.32038879394531],[2,276,278,14,false,false,false,true,40.194175720214844],[1,282,282,16,false,false,false,false,41.067962646484375],[0,288,288,19,false,false,false,false,41.941749572753906],[1,298,298,16,false,false,false,false,43.3980598449707],[0,306,306,17,false,false,false,false,44.5631103515625],[0,306,306,20,false,false,false,false,44.5631103515625],[0,306,306,22,false,false,false,false,44.5631103515625],[2,312,312,25,false,false,false,false,45.43689727783203],[0,318,324,25,false,false,false,true,46.3106803894043],[1,330,330,22,false,false,false,false,48.05825424194336],[0,336,340,22,false,false,false,true,48.93204116821289],[2,342,346,21,false,false,false,true,49.80582809448242],[0,348,352,20,false,false,false,true,50.67961502075195],[0,354,354,17,false,false,false,false,51.553401947021484],[1,360,364,17,false,false,false,true,52.42718505859375],[0,372,372,23,false,false,false,false,54.17475891113281],[2,378,378,21,false,false,false,false,55.048545837402344],[0,384,388,19,false,false,false,true,55.922332763671875],[1,390,390,19,false,false,false,false,56.796119689941406],[1,394,394,17,false,false,false,false,57.37864303588867],[1,402,402,13,false,false,false,false,58.54369354248047],[1,408,408,25,false,false,false,false,59.41748046875],[2,418,418,20,false,false,false,false,60.8737907409668],[0,424,424,19,false,false,false,false,61.74757385253906],[1,428,428,19,false,false,false,false,62.330101013183594],[2,432,440,17,false,false,false,true,62.91262435913086],[2,444,452,14,false,false,false,true,64.66019439697266],[0,456,456,12,false,false,false,false,66.40776824951172],[2,462,472,14,false,false,false,true,67.28155517578125],[1,480,480,14,false,false,false,false,69.90291595458984],[1,480,480,17,false,false,false,false,69.90291595458984],[1,480,480,19,false,false,false,false,69.90291595458984],[1,480,480,21,false,false,false,false,69.90291595458984],[1,486,486,14,false,false,false,false,70.77670288085938],[1,486,486,17,false,false,false,false,70.77670288085938],[1,486,486,20,false,false,false,false,70.77670288085938],[0,492,492,10,false,false,false,false,71.6504898071289],[1,496,496,10,false,false,false,false,72.23301696777344],[1,504,504,13,false,false,false,false,73.39806365966797],[1,504,504,16,false,false,false,false,73.39806365966797],[2,510,510,15,false,false,false,false,74.2718505859375],[0,516,516,18,false,false,false,false,75.14563751220703],[0,516,516,20,false,false,false,false,75.14563751220703],[2,522,522,20,false,false,false,false,76.01942443847656],[1,528,528,17,false,false,false,false,76.89320373535156],[1,534,534,21,false,false,false,false,77.7669906616211],[0,540,540,21,false,false,false,false,78.64077758789062],[0,544,544,21,false,false,false,false,79.22330474853516],[1,552,552,19,false,false,false,false,80.38835144042969],[0,558,558,16,false,false,false,false,81.26213836669922],[2,564,564,15,false,false,false,false,82.13592529296875],[1,570,570,18,false,false,false,false,83.00971221923828],[0,576,576,20,false,false,false,false,83.88349914550781],[0,576,576,23,false,false,false,false,83.88349914550781],[0,576,576,25,false,false,false,false,83.88349914550781],[1,582,582,23,false,false,false,false,84.75728607177734],[1,588,588,23,false,false,false,false,85.63107299804688],[0,594,598,20,false,false,false,true,86.5048599243164],[2,600,600,20,false,false,false,false,87.37864685058594],[2,606,610,17,false,false,false,true,88.25243377685547],[1,612,612,21,false,false,false,false,89.126220703125],[0,618,618,26,false,false,false,false,90.00000762939453],[0,624,624,17,false,false,false,false,90.87379455566406],[0,624,624,19,false,false,false,false,90.87379455566406],[0,624,624,22,false,false,false,false,90.87379455566406],[2,630,630,18,false,false,false,false,91.74757385253906],[1,636,636,18,false,false,false,false,92.6213607788086],[0,642,646,18,false,false,false,true,93.49514770507812],[1,648,648,8,false,false,false,false,94.36893463134766],[2,654,658,11,false,false,false,true,95.24272155761719],[0,660,660,11,false,false,false,false,96.11650848388672],[0,666,666,13,false,false,false,false,96.99029541015625],[2,672,672,13,false,false,false,false,97.86408233642578],[2,672,672,16,false,false,false,false,97.86408233642578],[2,672,672,18,false,false,false,false,97.86408233642578],[2,672,672,20,false,false,false,false,97.86408233642578],[0,678,678,20,false,false,false,false,98.73786926269531],[1,684,684,19,false,false,false,false,99.61165618896484],[0,690,690,18,false,false,false,false,100.48544311523438],[0,696,696,19,false,false,false,false,101.3592300415039],[0,696,696,21,false,false,false,false,101.3592300415039],[1,702,702,20,false,false,false,false,102.23301696777344],[2,708,708,18,false,false,false,false,103.10680389404297],[1,712,712,18,false,false,false,false,103.68932342529297],[1,720,720,12,false,false,false,false,104.8543701171875],[1,720,720,14,false,false,false,false,104.8543701171875],[1,720,720,17,false,false,false,false,104.8543701171875],[0,726,726,13,false,false,false,false,105.72815704345703],[1,732,732,15,false,false,false,false,106.60194396972656],[1,732,732,18,false,false,false,false,106.60194396972656],[0,738,738,18,false,false,false,false,107.4757308959961],[1,744,744,14,false,false,false,false,108.34951782226562],[1,744,744,17,false,false,false,false,108.34951782226562],[2,750,750,14,false,false,false,false,109.22330474853516],[2,756,756,17,false,false,false,false,110.09709167480469],[0,760,760,14,false,false,false,false,110.67961883544922],[0,768,768,14,false,false,false,false,111.84466552734375],[0,768,768,16,false,false,false,false,111.84466552734375],[0,768,768,18,false,false,false,false,111.84466552734375],[0,768,768,20,false,false,false,false,111.84466552734375],[0,774,774,20,false,false,false,false,112.71845245361328],[0,780,780,15,